﻿Designator,Footprint,Quantity,Value,LCSC Part #
"C1, C10, C11, C2, C4, C5, C7, C8",C_Disc_D3.8mm_W2.6mm_P2.50mm,8,100nF,
"C12, C6, C9",CP_Radial_D5.0mm_P2.50mm,3,22uF,
C3,CP_Radial_D10.0mm_P5.00mm,1,100uF,
"D1, D10, D2, D3, D4, D5, D6, D7, D8, D9",D_DO-41_SOD81_P10.16mm_Horizontal,10,1N4007,
J1,PinSocket_1x02_P2.54mm_Vertical,1,POWER INPUTS,
J2,PinSocket_1x02_P2.54mm_Vertical,1,GND PINS,
J3,PinHeader_1x07_P2.54mm_Vertical,1,MOTOR INPUTS,
J5,BarrelJack_Kycon_KLDX-0202-xC_Horizontal,1,Barrel_Jack_Switch,
J6,"TerminalBlock_Phoenix_MKDS-1,5-3_1x03_P5.00mm_Horizontal",1,MOTOR OUTPUT,
"Q1, Q2, Q3, Q4, Q5, Q6",TO-220-3_Vertical,6,IRF540N,
"R1, R10, R2, R5, R6, R9",R_Axial_DIN0207_L6.3mm_D2.5mm_P10.16mm_Horizontal,6,10,
"R11, R12, R3, R4, R7, R8",R_Axial_DIN0207_L6.3mm_D2.5mm_P10.16mm_Horizontal,6,1K,
U1,SOT-223-3_TabPin2,1,AMS1117-3.3,
"U2, U3, U4",SOIC-16W_7.5x10.3mm_P1.27mm,3,IR2110S,
